<?xml version="1.0" encoding="UTF-8"?>
<beans xmlns="http://www.springframework.org/schema/beans"
    xmlns:xsi="http://www.w3.org/2001/XMLSchema-instance"
     xmlns:mvc="http://www.springframework.org/schema/mvc"
    xmlns:context="http://www.springframework.org/schema/context"
    xmlns:util="http://www.springframework.org/schema/util"
    xsi:schemaLocation="http://www.springframework.org/schema/mvc     
    http://www.springframework.org/schema/mvc/spring-mvc-3.0.xsd     
    http://www.springframework.org/schema/beans http://www.springframework.org/schema/beans/spring-beans.xsd  http://www.springframework.org/schema/util http://www.springframework.org/schema/util/spring-util-2.5.xsd
    http://www.springframework.org/schema/beans
    http://www.springframework.org/schema/beans/spring-beans-3.0.xsd
    http://www.springframework.org/schema/context
    http://www.springframework.org/schema/context/spring-context-3.0.xsd">
    <context:component-scan base-package="com"/>
    <bean class="org.springframework.web.servlet.view.InternalResourceViewResolver">
    <property name="prefix" value="/WEB-INF/"/>
    <property name="suffix" value=".jsp"/>
    </bean>
    
    <mvc:annotation-driven/>
    
    <mvc:resources location="/resources/" mapping="/resources/**"/>
    
    <!-- <bean id="messageSource" class="org.springframework.context.support.ReloadableResourceBundleMessageSource">
    <property name="basenames">
    <list>
    <value>/WEB-INF/messagefile</value>
    </list>
    </property>
    </bean>
    <bean id="ds" class="org.springframework.jdbc.datasource.DriverManagerDataSource">
    <property name="url" value="jdbc:oracle:thin:@10.1.50.198:1521:orcl"/>
    <property name="driverClassName" value="oracle.jdbc.driver.OracleDriver"/>
    <property name="username" value="sh"/>
    <property name="password" value="sh"/>    
    </bean>
    
    
    
    <bean id="custDao" class="com.nucleus.dao.CustomerDAOImpl"/>
    <bean id="jdbc1" class="org.springframework.jdbc.core.JdbcTemplate" autowire="byType">
    </bean>
     -->
    </beans>